Class,Filename,Width,Height,Size_in_KB
car-bus-alltypes,car-bus-alltypes-122.jpg,514,353,382.839
car-bus-alltypes,car-bus-alltypes-16.jpg,2080,1036,466.997
car-bus-alltypes,car-bus-alltypes-17.jpg,282,135,42.268
car-bus-alltypes,car-bus-alltypes-15.jpg,3416,2144,1577.813
car-bus-alltypes,car-bus-alltypes-121.jpg,1472,620,317.695
car-bus-alltypes,car-bus-alltypes-29.jpg,224,141,42.997
car-bus-alltypes,car-bus-alltypes-109.jpg,2680,1880,899.373
car-bus-alltypes,car-bus-alltypes-108.jpg,1288,621,241.165
car-bus-alltypes,car-bus-alltypes-28.jpg,212,149,40.891
car-bus-alltypes,car-bus-alltypes-14.jpg,307,156,41.894
car-bus-alltypes,car-bus-alltypes-120.jpg,1308,1063,261.148
car-bus-alltypes,car-bus-alltypes-9.jpg,324,125,41.645
car-bus-alltypes,car-bus-alltypes-118.jpg,1840,904,974.321
car-bus-alltypes,car-bus-alltypes-38.jpg,1524,564,252.845
car-bus-alltypes,car-bus-alltypes-10.jpg,3589,2082,1373.74
car-bus-alltypes,car-bus-alltypes-11.jpg,376,200,42.228
car-bus-alltypes,car-bus-alltypes-39.jpg,3028,1935,1300.7
car-bus-alltypes,car-bus-alltypes-119.jpg,864,315,618.16
car-bus-alltypes,car-bus-alltypes-8.jpg,1176,542,232.441
car-bus-alltypes,car-bus-alltypes-13.jpg,231,196,42.765
car-bus-alltypes,car-bus-alltypes-12.jpg,992,794,253.593
car-bus-alltypes,car-bus-alltypes-61.jpg,1897,989,1574.17
car-bus-alltypes,car-bus-alltypes-75.jpg,277,163,41.841
car-bus-alltypes,car-bus-alltypes-49.jpg,303,177,41.588
car-bus-alltypes,car-bus-alltypes-48.jpg,229,169,43.133
car-bus-alltypes,car-bus-alltypes-74.jpg,1969,1406,515.079
car-bus-alltypes,car-bus-alltypes-60.jpg,1020,1120,258.96
car-bus-alltypes,car-bus-alltypes-89.jpg,197,170,40.764
car-bus-alltypes,car-bus-alltypes-76.jpg,1030,1103,257.516
car-bus-alltypes,car-bus-alltypes-62.jpg,1260,867,318.804
car-bus-alltypes,car-bus-alltypes-63.jpg,210,185,41.002
car-bus-alltypes,car-bus-alltypes-77.jpg,100,100,2.685
car-bus-alltypes,car-bus-alltypes-88.jpg,783,210,256.291
car-bus-alltypes,car-bus-alltypes-98.jpg,1264,896,229.108
car-bus-alltypes,car-bus-alltypes-73.jpg,254,165,41.602
car-bus-alltypes,car-bus-alltypes-67.jpg,100,100,3.428
car-bus-alltypes,car-bus-alltypes-66.jpg,921,450,403.134
car-bus-alltypes,car-bus-alltypes-72.jpg,210,130,42.672
car-bus-alltypes,car-bus-alltypes-99.jpg,1046,1039,555.775
car-bus-alltypes,car-bus-alltypes-58.jpg,634,315,301.42
car-bus-alltypes,car-bus-alltypes-64.jpg,1544,1296,535.682
car-bus-alltypes,car-bus-alltypes-70.jpg,350,289,172.242
car-bus-alltypes,car-bus-alltypes-71.jpg,193,161,42.726
car-bus-alltypes,car-bus-alltypes-65.jpg,1289,1047,338.277
car-bus-alltypes,car-bus-alltypes-59.jpg,377,352,251.402
car-bus-alltypes,car-bus-alltypes-83.jpg,1849,1295,1492.972
car-bus-alltypes,car-bus-alltypes-97.jpg,249,160,41.024
car-bus-alltypes,car-bus-alltypes-40.jpg,157,177,41.426
car-bus-alltypes,car-bus-alltypes-54.jpg,886,734,253.274
car-bus-alltypes,car-bus-alltypes-68.jpg,1088,491,692.897
car-bus-alltypes,car-bus-alltypes-69.jpg,1319,804,642.37
car-bus-alltypes,car-bus-alltypes-55.jpg,252,187,41.196
car-bus-alltypes,car-bus-alltypes-41.jpg,801,1010,243.219
car-bus-alltypes,car-bus-alltypes-96.jpg,1403,766,288.118
car-bus-alltypes,car-bus-alltypes-82.jpg,1732,1024,356.124
car-bus-alltypes,car-bus-alltypes-94.jpg,1443,1194,404.067
car-bus-alltypes,car-bus-alltypes-80.jpg,1618,881,329.594
car-bus-alltypes,car-bus-alltypes-57.jpg,2789,1055,608.601
car-bus-alltypes,car-bus-alltypes-43.jpg,2848,1408,1671.37
car-bus-alltypes,car-bus-alltypes-42.jpg,396,241,41.384
car-bus-alltypes,car-bus-alltypes-56.jpg,438,168,41.569
car-bus-alltypes,car-bus-alltypes-81.jpg,831,868,231.159
car-bus-alltypes,car-bus-alltypes-95.jpg,2850,2290,3497.677
car-bus-alltypes,car-bus-alltypes-91.jpg,772,411,638.53
car-bus-alltypes,car-bus-alltypes-85.jpg,1392,1135,485.852
car-bus-alltypes,car-bus-alltypes-52.jpg,465,420,298.12
car-bus-alltypes,car-bus-alltypes-46.jpg,215,253,42.159
car-bus-alltypes,car-bus-alltypes-47.jpg,389,174,41.577
car-bus-alltypes,car-bus-alltypes-53.jpg,240,169,43.202
car-bus-alltypes,car-bus-alltypes-84.jpg,936,463,430.525
car-bus-alltypes,car-bus-alltypes-90.jpg,1002,568,263.185
car-bus-alltypes,car-bus-alltypes-86.jpg,1132,840,422.589
car-bus-alltypes,car-bus-alltypes-92.jpg,233,175,42.924
car-bus-alltypes,car-bus-alltypes-79.jpg,924,852,283.507
car-bus-alltypes,car-bus-alltypes-45.jpg,148,194,41.369
car-bus-alltypes,car-bus-alltypes-51.jpg,194,157,42.212
car-bus-alltypes,car-bus-alltypes-50.jpg,5176,2672,2862.463
car-bus-alltypes,car-bus-alltypes-44.jpg,3680,2040,1420.511
car-bus-alltypes,car-bus-alltypes-78.jpg,211,226,41.808
car-bus-alltypes,car-bus-alltypes-93.jpg,217,182,42.066
car-bus-alltypes,car-bus-alltypes-87.jpg,272,150,42.887
car-bus-alltypes,car-bus-alltypes-6.jpg,219,144,43.233
car-bus-alltypes,car-bus-alltypes-23.jpg,3379,2092,528.548
car-bus-alltypes,car-bus-alltypes-117.jpg,193,219,42.861
car-bus-alltypes,car-bus-alltypes-103.jpg,241,170,42.979
car-bus-alltypes,car-bus-alltypes-37.jpg,2356,1747,836.816
car-bus-alltypes,car-bus-alltypes-102.jpg,196,173,41.54
car-bus-alltypes,car-bus-alltypes-36.jpg,273,160,43.238
car-bus-alltypes,car-bus-alltypes-22.jpg,222,154,42.671
car-bus-alltypes,car-bus-alltypes-116.jpg,250,137,41.293
car-bus-alltypes,car-bus-alltypes-7.jpg,243,167,43.047
car-bus-alltypes,car-bus-alltypes-5.jpg,287,238,136.756
car-bus-alltypes,car-bus-alltypes-34.jpg,228,166,41.309
car-bus-alltypes,car-bus-alltypes-100.jpg,5152,3864,1893.908
car-bus-alltypes,car-bus-alltypes-114.jpg,259,152,40.628
car-bus-alltypes,car-bus-alltypes-20.jpg,242,161,42.623
car-bus-alltypes,car-bus-alltypes-115.jpg,222,155,40.666
car-bus-alltypes,car-bus-alltypes-21.jpg,1995,1076,429.417
car-bus-alltypes,car-bus-alltypes-35.jpg,2544,1623,785.461
car-bus-alltypes,car-bus-alltypes-101.jpg,1691,527,1402.545
car-bus-alltypes,car-bus-alltypes-4.jpg,3282,2094,742.775
car-bus-alltypes,car-bus-alltypes-19.jpg,779,976,263.749
car-bus-alltypes,car-bus-alltypes-105.jpg,471,168,42.052
car-bus-alltypes,car-bus-alltypes-31.jpg,1460,784,272.615
car-bus-alltypes,car-bus-alltypes-25.jpg,258,179,42.945
car-bus-alltypes,car-bus-alltypes-111.jpg,1126,612,280.835
car-bus-alltypes,car-bus-alltypes-24.jpg,1192,1008,284.239
car-bus-alltypes,car-bus-alltypes-110.jpg,268,166,41.106
car-bus-alltypes,car-bus-alltypes-104.jpg,232,184,40.653
car-bus-alltypes,car-bus-alltypes-30.jpg,1188,429,451.957
car-bus-alltypes,car-bus-alltypes-18.jpg,1554,690,269.241
car-bus-alltypes,car-bus-alltypes-1.jpg,1046,636,904.7
car-bus-alltypes,car-bus-alltypes-3.jpg,2886,1452,881.284
car-bus-alltypes,car-bus-alltypes-112.jpg,2165,1158,563.128
car-bus-alltypes,car-bus-alltypes-26.jpg,1157,704,265.698
car-bus-alltypes,car-bus-alltypes-32.jpg,424,176,40.777
car-bus-alltypes,car-bus-alltypes-106.jpg,500,357,32.988
car-bus-alltypes,car-bus-alltypes-33.jpg,754,440,467.188
car-bus-alltypes,car-bus-alltypes-107.jpg,1260,859,238.285
car-bus-alltypes,car-bus-alltypes-113.jpg,264,164,41.618
car-bus-alltypes,car-bus-alltypes-27.jpg,1124,1074,393.783
car-bus-alltypes,car-bus-alltypes-2.jpg,929,693,279.999
car-suv-alltypes,car-suv-alltypes-65.jpg,760,363,324.737
car-suv-alltypes,car-suv-alltypes-71.jpg,515,324,92.323
car-suv-alltypes,car-suv-alltypes-59.jpg,1044,545,163.082
car-suv-alltypes,car-suv-alltypes-58.jpg,216,150,40.259
car-suv-alltypes,car-suv-alltypes-70.jpg,1599,1025,614.092
car-suv-alltypes,car-suv-alltypes-64.jpg,800,600,126.013
car-suv-alltypes,car-suv-alltypes-72.jpg,342,120,46.363
car-suv-alltypes,car-suv-alltypes-66.jpg,1024,768,94.699
car-suv-alltypes,car-suv-alltypes-67.jpg,960,480,114.322
car-suv-alltypes,car-suv-alltypes-73.jpg,1808,1033,777.664
car-suv-alltypes,car-suv-alltypes-88.jpg,625,434,62.919
car-suv-alltypes,car-suv-alltypes-77.jpg,640,480,57.225
car-suv-alltypes,car-suv-alltypes-63.jpg,593,320,74.474
car-suv-alltypes,car-suv-alltypes-62.jpg,719,277,39.945
car-suv-alltypes,car-suv-alltypes-76.jpg,2057,1278,1687.834
car-suv-alltypes,car-suv-alltypes-89.jpg,775,510,286.08
car-suv-alltypes,car-suv-alltypes-9.jpg,1920,872,539.095
car-suv-alltypes,car-suv-alltypes-48.jpg,1811,775,493.13
car-suv-alltypes,car-suv-alltypes-60.jpg,1075,591,245.102
car-suv-alltypes,car-suv-alltypes-74.jpg,1873,1014,438.839
car-suv-alltypes,car-suv-alltypes-75.jpg,1225,821,268.11
car-suv-alltypes,car-suv-alltypes-61.jpg,1240,810,288.26
car-suv-alltypes,car-suv-alltypes-49.jpg,452,250,32.813
car-suv-alltypes,car-suv-alltypes-8.jpg,1600,843,240.177
car-suv-alltypes,car-suv-alltypes-12.jpg,640,480,59.143
car-suv-alltypes,car-suv-alltypes-13.jpg,1280,960,425.018
car-suv-alltypes,car-suv-alltypes-11.jpg,844,418,132.049
car-suv-alltypes,car-suv-alltypes-39.jpg,1363,928,333.5
car-suv-alltypes,car-suv-alltypes-38.jpg,1567,728,330.788
car-suv-alltypes,car-suv-alltypes-10.jpg,935,544,60.537
car-suv-alltypes,car-suv-alltypes-28.jpg,950,689,219.475
car-suv-alltypes,car-suv-alltypes-14.jpg,885,481,142.209
car-suv-alltypes,car-suv-alltypes-15.jpg,640,427,101.114
car-suv-alltypes,car-suv-alltypes-29.jpg,800,600,328.831
car-suv-alltypes,car-suv-alltypes-17.jpg,585,345,59.54
car-suv-alltypes,car-suv-alltypes-16.jpg,5184,3888,7388.549
car-suv-alltypes,car-suv-alltypes-27.jpg,5421,3144,1990.46
car-suv-alltypes,car-suv-alltypes-33.jpg,636,425,46.079
car-suv-alltypes,car-suv-alltypes-32.jpg,511,322,121.309
car-suv-alltypes,car-suv-alltypes-26.jpg,800,600,298.498
car-suv-alltypes,car-suv-alltypes-30.jpg,800,600,323.448
car-suv-alltypes,car-suv-alltypes-24.jpg,1672,1022,300.516
car-suv-alltypes,car-suv-alltypes-18.jpg,958,684,260.511
car-suv-alltypes,car-suv-alltypes-19.jpg,1065,621,315.918
car-suv-alltypes,car-suv-alltypes-25.jpg,1265,750,300.785
car-suv-alltypes,car-suv-alltypes-31.jpg,626,382,66.117
car-suv-alltypes,car-suv-alltypes-35.jpg,640,480,44.935
car-suv-alltypes,car-suv-alltypes-21.jpg,650,359,106.377
car-suv-alltypes,car-suv-alltypes-20.jpg,1211,770,233.739
car-suv-alltypes,car-suv-alltypes-34.jpg,568,302,73.189
car-suv-alltypes,car-suv-alltypes-22.jpg,2500,1667,206.81
car-suv-alltypes,car-suv-alltypes-36.jpg,924,696,255.898
car-suv-alltypes,car-suv-alltypes-37.jpg,2662,1870,1262.063
car-suv-alltypes,car-suv-alltypes-23.jpg,1540,800,164.177
car-suv-alltypes,car-suv-alltypes-5.jpg,2273,1517,383.949
car-suv-alltypes,car-suv-alltypes-87.jpg,500,280,27.143
car-suv-alltypes,car-suv-alltypes-93.jpg,2912,2368,4677.551
car-suv-alltypes,car-suv-alltypes-44.jpg,227,187,49.222
car-suv-alltypes,car-suv-alltypes-50.jpg,500,375,34.043
car-suv-alltypes,car-suv-alltypes-78.jpg,573,240,58.66
car-suv-alltypes,car-suv-alltypes-79.jpg,1600,1200,377.896
car-suv-alltypes,car-suv-alltypes-51.jpg,1098,573,233.194
car-suv-alltypes,car-suv-alltypes-45.jpg,1090,796,217.545
car-suv-alltypes,car-suv-alltypes-92.jpg,412,298,76.769
car-suv-alltypes,car-suv-alltypes-86.jpg,609,338,96.268
car-suv-alltypes,car-suv-alltypes-4.jpg,659,372,111.083
car-suv-alltypes,car-suv-alltypes-6.jpg,3599,2130,5585.27
car-suv-alltypes,car-suv-alltypes-90.jpg,640,480,47.87
car-suv-alltypes,car-suv-alltypes-84.jpg,464,292,57.523
car-suv-alltypes,car-suv-alltypes-53.jpg,633,279,59.962
car-suv-alltypes,car-suv-alltypes-47.jpg,1143,576,188.931
car-suv-alltypes,car-suv-alltypes-46.jpg,308,191,50.021
car-suv-alltypes,car-suv-alltypes-52.jpg,1435,765,263.26
car-suv-alltypes,car-suv-alltypes-85.jpg,1200,900,275.935
car-suv-alltypes,car-suv-alltypes-91.jpg,597,335,77.032
car-suv-alltypes,car-suv-alltypes-7.jpg,757,459,112.866
car-suv-alltypes,car-suv-alltypes-3.jpg,711,289,89.5
car-suv-alltypes,car-suv-alltypes-95.jpg,1213,549,199.776
car-suv-alltypes,car-suv-alltypes-81.jpg,768,460,77.0
car-suv-alltypes,car-suv-alltypes-56.jpg,1832,1112,512.821
car-suv-alltypes,car-suv-alltypes-42.jpg,353,211,58.304
car-suv-alltypes,car-suv-alltypes-43.jpg,800,600,327.351
car-suv-alltypes,car-suv-alltypes-57.jpg,1107,891,246.826
car-suv-alltypes,car-suv-alltypes-80.jpg,1480,617,150.205
car-suv-alltypes,car-suv-alltypes-94.jpg,400,231,29.703
car-suv-alltypes,car-suv-alltypes-2.jpg,540,245,74.88
car-suv-alltypes,car-suv-alltypes-82.jpg,800,600,66.788
car-suv-alltypes,car-suv-alltypes-96.jpg,1200,808,272.207
car-suv-alltypes,car-suv-alltypes-69.jpg,2207,1766,361.932
car-suv-alltypes,car-suv-alltypes-41.jpg,1808,747,411.121
car-suv-alltypes,car-suv-alltypes-55.jpg,795,458,77.864
car-suv-alltypes,car-suv-alltypes-54.jpg,590,313,98.994
car-suv-alltypes,car-suv-alltypes-40.jpg,542,391,79.873
car-suv-alltypes,car-suv-alltypes-68.jpg,4032,2666,6850.958
car-suv-alltypes,car-suv-alltypes-97.jpg,400,227,64.232
car-suv-alltypes,car-suv-alltypes-83.jpg,702,365,94.25
car-suv-alltypes,car-suv-alltypes-1.jpg,521,359,75.799
car-sedan-alltypes,car-sedan-alltypes-37.jpg,1431,705,206.241
car-sedan-alltypes,car-sedan-alltypes-23.jpg,1491,748,254.06
car-sedan-alltypes,car-sedan-alltypes-36.jpg,419,343,248.512
car-sedan-alltypes,car-sedan-alltypes-20.jpg,1259,903,221.651
car-sedan-alltypes,car-sedan-alltypes-34.jpg,899,999,234.591
car-sedan-alltypes,car-sedan-alltypes-35.jpg,1037,866,251.314
car-sedan-alltypes,car-sedan-alltypes-21.jpg,1366,776,265.347
car-sedan-alltypes,car-sedan-alltypes-25.jpg,1203,695,256.902
car-sedan-alltypes,car-sedan-alltypes-31.jpg,1421,540,255.642
car-sedan-alltypes,car-sedan-alltypes-19.jpg,659,534,229.278
car-sedan-alltypes,car-sedan-alltypes-18.jpg,1739,742,233.382
car-sedan-alltypes,car-sedan-alltypes-30.jpg,1600,900,261.074
car-sedan-alltypes,car-sedan-alltypes-24.jpg,1441,562,240.474
car-sedan-alltypes,car-sedan-alltypes-32.jpg,2772,1535,1481.671
car-sedan-alltypes,car-sedan-alltypes-26.jpg,2330,956,242.715
car-sedan-alltypes,car-sedan-alltypes-27.jpg,1110,583,256.619
car-sedan-alltypes,car-sedan-alltypes-33.jpg,731,417,214.505
car-sedan-alltypes,car-sedan-alltypes-97.jpg,800,798,219.913
car-sedan-alltypes,car-sedan-alltypes-83.jpg,1225,894,216.203
car-sedan-alltypes,car-sedan-alltypes-68.jpg,1028,716,205.766
car-sedan-alltypes,car-sedan-alltypes-54.jpg,1543,679,247.332
car-sedan-alltypes,car-sedan-alltypes-40.jpg,810,941,197.247
car-sedan-alltypes,car-sedan-alltypes-108.jpg,1418,741,242.772
car-sedan-alltypes,car-sedan-alltypes-3.jpg,1217,608,248.673
car-sedan-alltypes,car-sedan-alltypes-2.jpg,1521,838,225.781
car-sedan-alltypes,car-sedan-alltypes-109.jpg,1782,659,227.733
car-sedan-alltypes,car-sedan-alltypes-41.jpg,801,368,215.189
car-sedan-alltypes,car-sedan-alltypes-55.jpg,801,334,253.284
car-sedan-alltypes,car-sedan-alltypes-69.jpg,749,555,232.29
car-sedan-alltypes,car-sedan-alltypes-82.jpg,4284,1865,4552.794
car-sedan-alltypes,car-sedan-alltypes-96.jpg,1307,746,231.603
car-sedan-alltypes,car-sedan-alltypes-80.jpg,1413,502,213.042
car-sedan-alltypes,car-sedan-alltypes-94.jpg,1566,751,239.543
car-sedan-alltypes,car-sedan-alltypes-43.jpg,750,500,45.155
car-sedan-alltypes,car-sedan-alltypes-57.jpg,1455,723,226.562
car-sedan-alltypes,car-sedan-alltypes-1.jpg,1509,721,222.742
car-sedan-alltypes,car-sedan-alltypes-56.jpg,1226,684,207.623
car-sedan-alltypes,car-sedan-alltypes-42.jpg,1280,720,209.702
car-sedan-alltypes,car-sedan-alltypes-95.jpg,835,508,421.263
car-sedan-alltypes,car-sedan-alltypes-81.jpg,1165,580,219.783
car-sedan-alltypes,car-sedan-alltypes-85.jpg,2048,692,204.109
car-sedan-alltypes,car-sedan-alltypes-91.jpg,455,262,198.373
car-sedan-alltypes,car-sedan-alltypes-46.jpg,1291,651,228.62
car-sedan-alltypes,car-sedan-alltypes-52.jpg,1184,569,220.205
car-sedan-alltypes,car-sedan-alltypes-5.jpg,1701,873,255.895
car-sedan-alltypes,car-sedan-alltypes-4.jpg,1581,948,262.538
car-sedan-alltypes,car-sedan-alltypes-53.jpg,747,388,212.185
car-sedan-alltypes,car-sedan-alltypes-47.jpg,1133,454,223.046
car-sedan-alltypes,car-sedan-alltypes-90.jpg,1426,739,244.793
car-sedan-alltypes,car-sedan-alltypes-84.jpg,854,379,239.99
car-sedan-alltypes,car-sedan-alltypes-92.jpg,707,434,224.658
car-sedan-alltypes,car-sedan-alltypes-86.jpg,1430,813,200.752
car-sedan-alltypes,car-sedan-alltypes-51.jpg,1034,525,98.37
car-sedan-alltypes,car-sedan-alltypes-45.jpg,1160,506,202.121
car-sedan-alltypes,car-sedan-alltypes-79.jpg,1870,534,210.713
car-sedan-alltypes,car-sedan-alltypes-6.jpg,1371,701,210.967
car-sedan-alltypes,car-sedan-alltypes-7.jpg,1452,682,197.686
car-sedan-alltypes,car-sedan-alltypes-78.jpg,1297,813,222.165
car-sedan-alltypes,car-sedan-alltypes-44.jpg,1517,696,240.059
car-sedan-alltypes,car-sedan-alltypes-50.jpg,1565,927,215.943
car-sedan-alltypes,car-sedan-alltypes-87.jpg,928,722,218.789
car-sedan-alltypes,car-sedan-alltypes-93.jpg,446,250,250.567
car-sedan-alltypes,car-sedan-alltypes-49.jpg,1508,763,238.432
car-sedan-alltypes,car-sedan-alltypes-75.jpg,1379,796,260.565
car-sedan-alltypes,car-sedan-alltypes-61.jpg,547,419,220.082
car-sedan-alltypes,car-sedan-alltypes-101.jpg,1027,575,200.022
car-sedan-alltypes,car-sedan-alltypes-100.jpg,1120,696,237.937
car-sedan-alltypes,car-sedan-alltypes-114.jpg,820,454,277.447
car-sedan-alltypes,car-sedan-alltypes-60.jpg,1045,833,227.728
car-sedan-alltypes,car-sedan-alltypes-74.jpg,1550,763,260.989
car-sedan-alltypes,car-sedan-alltypes-48.jpg,1295,774,251.487
car-sedan-alltypes,car-sedan-alltypes-89.jpg,1590,749,249.571
car-sedan-alltypes,car-sedan-alltypes-62.jpg,1321,583,220.833
car-sedan-alltypes,car-sedan-alltypes-76.jpg,652,374,197.792
car-sedan-alltypes,car-sedan-alltypes-9.jpg,868,432,330.602
car-sedan-alltypes,car-sedan-alltypes-102.jpg,1163,613,199.48
car-sedan-alltypes,car-sedan-alltypes-103.jpg,1244,684,258.972
car-sedan-alltypes,car-sedan-alltypes-8.jpg,2048,692,209.719
car-sedan-alltypes,car-sedan-alltypes-77.jpg,1875,999,261.228
car-sedan-alltypes,car-sedan-alltypes-63.jpg,495,327,211.548
car-sedan-alltypes,car-sedan-alltypes-88.jpg,1510,725,238.4
car-sedan-alltypes,car-sedan-alltypes-98.jpg,1452,1176,204.048
car-sedan-alltypes,car-sedan-alltypes-67.jpg,1183,578,218.404
car-sedan-alltypes,car-sedan-alltypes-73.jpg,2180,891,218.246
car-sedan-alltypes,car-sedan-alltypes-107.jpg,1422,755,233.103
car-sedan-alltypes,car-sedan-alltypes-113.jpg,1279,744,243.815
car-sedan-alltypes,car-sedan-alltypes-112.jpg,1633,833,199.764
car-sedan-alltypes,car-sedan-alltypes-106.jpg,1525,824,251.883
car-sedan-alltypes,car-sedan-alltypes-72.jpg,1200,428,199.533
car-sedan-alltypes,car-sedan-alltypes-66.jpg,1305,704,243.471
car-sedan-alltypes,car-sedan-alltypes-99.jpg,1578,809,261.398
car-sedan-alltypes,car-sedan-alltypes-70.jpg,1094,801,228.772
car-sedan-alltypes,car-sedan-alltypes-64.jpg,1668,826,198.967
car-sedan-alltypes,car-sedan-alltypes-58.jpg,1271,712,255.103
car-sedan-alltypes,car-sedan-alltypes-110.jpg,846,405,382.528
car-sedan-alltypes,car-sedan-alltypes-104.jpg,1434,627,238.985
car-sedan-alltypes,car-sedan-alltypes-105.jpg,2048,692,203.491
car-sedan-alltypes,car-sedan-alltypes-111.jpg,1209,639,264.775
car-sedan-alltypes,car-sedan-alltypes-59.jpg,1463,755,207.248
car-sedan-alltypes,car-sedan-alltypes-65.jpg,777,565,208.907
car-sedan-alltypes,car-sedan-alltypes-71.jpg,941,722,221.241
car-sedan-alltypes,car-sedan-alltypes-16.jpg,1466,503,198.456
car-sedan-alltypes,car-sedan-alltypes-17.jpg,1237,791,214.3
car-sedan-alltypes,car-sedan-alltypes-29.jpg,1191,635,211.509
car-sedan-alltypes,car-sedan-alltypes-15.jpg,1667,748,237.528
car-sedan-alltypes,car-sedan-alltypes-14.jpg,1600,1066,255.984
car-sedan-alltypes,car-sedan-alltypes-28.jpg,1219,685,234.327
car-sedan-alltypes,car-sedan-alltypes-10.jpg,1528,741,251.235
car-sedan-alltypes,car-sedan-alltypes-38.jpg,450,300,209.94
car-sedan-alltypes,car-sedan-alltypes-39.jpg,1486,618,229.23
car-sedan-alltypes,car-sedan-alltypes-11.jpg,1221,543,233.793
car-sedan-alltypes,car-sedan-alltypes-13.jpg,727,614,219.706
car-sedan-alltypes,car-sedan-alltypes-12.jpg,1024,649,216.17
motocycle-bicycle-racing,motocycle-bicycle-racing-8.jpg,349,233,23.656
motocycle-bicycle-racing,motocycle-bicycle-racing-17.jpg,259,194,12.896
motocycle-bicycle-racing,motocycle-bicycle-racing-16.jpg,700,544,40.63
motocycle-bicycle-racing,motocycle-bicycle-racing-9.jpg,225,225,7.194
motocycle-bicycle-racing,motocycle-bicycle-racing-28.jpg,774,599,191.819
motocycle-bicycle-racing,motocycle-bicycle-racing-14.jpg,500,500,46.257
motocycle-bicycle-racing,motocycle-bicycle-racing-15.jpg,628,418,57.841
motocycle-bicycle-racing,motocycle-bicycle-racing-29.jpg,1001,650,85.126
motocycle-bicycle-racing,motocycle-bicycle-racing-11.jpg,1430,949,499.003
motocycle-bicycle-racing,motocycle-bicycle-racing-39.jpg,259,194,11.903
motocycle-bicycle-racing,motocycle-bicycle-racing-38.jpg,264,191,10.495
motocycle-bicycle-racing,motocycle-bicycle-racing-10.jpg,970,647,107.154
motocycle-bicycle-racing,motocycle-bicycle-racing-12.jpg,615,302,45.833
motocycle-bicycle-racing,motocycle-bicycle-racing-13.jpg,1325,868,799.8
motocycle-bicycle-racing,motocycle-bicycle-racing-48.jpg,985,621,127.307
motocycle-bicycle-racing,motocycle-bicycle-racing-74.jpg,159,122,5.276
motocycle-bicycle-racing,motocycle-bicycle-racing-60.jpg,1080,670,99.748
motocycle-bicycle-racing,motocycle-bicycle-racing-61.jpg,259,194,13.378
motocycle-bicycle-racing,motocycle-bicycle-racing-75.jpg,1980,1318,255.606
motocycle-bicycle-racing,motocycle-bicycle-racing-49.jpg,340,272,15.772
motocycle-bicycle-racing,motocycle-bicycle-racing-88.jpg,1200,1200,174.276
motocycle-bicycle-racing,motocycle-bicycle-racing-63.jpg,400,248,23.556
motocycle-bicycle-racing,motocycle-bicycle-racing-77.jpg,660,495,274.456
motocycle-bicycle-racing,motocycle-bicycle-racing-76.jpg,1627,993,534.25
motocycle-bicycle-racing,motocycle-bicycle-racing-62.jpg,1691,948,696.658
motocycle-bicycle-racing,motocycle-bicycle-racing-89.jpg,600,450,40.502
motocycle-bicycle-racing,motocycle-bicycle-racing-99.jpg,209,138,7.774
motocycle-bicycle-racing,motocycle-bicycle-racing-100.jpg,259,194,10.462
motocycle-bicycle-racing,motocycle-bicycle-racing-66.jpg,776,438,87.541
motocycle-bicycle-racing,motocycle-bicycle-racing-72.jpg,300,185,16.916
motocycle-bicycle-racing,motocycle-bicycle-racing-73.jpg,773,479,148.467
motocycle-bicycle-racing,motocycle-bicycle-racing-67.jpg,910,580,49.953
motocycle-bicycle-racing,motocycle-bicycle-racing-101.jpg,800,450,236.862
motocycle-bicycle-racing,motocycle-bicycle-racing-98.jpg,100,100,3.428
motocycle-bicycle-racing,motocycle-bicycle-racing-71.jpg,600,411,40.872
motocycle-bicycle-racing,motocycle-bicycle-racing-65.jpg,908,512,116.642
motocycle-bicycle-racing,motocycle-bicycle-racing-59.jpg,225,225,7.856
motocycle-bicycle-racing,motocycle-bicycle-racing-58.jpg,425,265,25.267
motocycle-bicycle-racing,motocycle-bicycle-racing-64.jpg,524,350,42.605
motocycle-bicycle-racing,motocycle-bicycle-racing-70.jpg,1694,1023,409.762
motocycle-bicycle-racing,motocycle-bicycle-racing-96.jpg,886,607,196.961
motocycle-bicycle-racing,motocycle-bicycle-racing-82.jpg,1134,597,114.81
motocycle-bicycle-racing,motocycle-bicycle-racing-69.jpg,934,549,94.316
motocycle-bicycle-racing,motocycle-bicycle-racing-55.jpg,1920,1125,1680.525
motocycle-bicycle-racing,motocycle-bicycle-racing-41.jpg,960,720,171.374
motocycle-bicycle-racing,motocycle-bicycle-racing-40.jpg,1176,734,201.476
motocycle-bicycle-racing,motocycle-bicycle-racing-54.jpg,794,462,52.972
motocycle-bicycle-racing,motocycle-bicycle-racing-68.jpg,800,800,131.995
motocycle-bicycle-racing,motocycle-bicycle-racing-83.jpg,940,585,58.679
motocycle-bicycle-racing,motocycle-bicycle-racing-97.jpg,306,171,79.158
motocycle-bicycle-racing,motocycle-bicycle-racing-81.jpg,800,800,190.16
motocycle-bicycle-racing,motocycle-bicycle-racing-95.jpg,630,566,79.947
motocycle-bicycle-racing,motocycle-bicycle-racing-42.jpg,4756,3008,4675.846
motocycle-bicycle-racing,motocycle-bicycle-racing-56.jpg,500,307,94.847
motocycle-bicycle-racing,motocycle-bicycle-racing-57.jpg,1024,768,213.567
motocycle-bicycle-racing,motocycle-bicycle-racing-43.jpg,2400,1350,2459.078
motocycle-bicycle-racing,motocycle-bicycle-racing-94.jpg,1814,1355,3322.376
motocycle-bicycle-racing,motocycle-bicycle-racing-80.jpg,286,176,11.369
motocycle-bicycle-racing,motocycle-bicycle-racing-84.jpg,2000,1231,383.979
motocycle-bicycle-racing,motocycle-bicycle-racing-90.jpg,265,337,23.083
motocycle-bicycle-racing,motocycle-bicycle-racing-47.jpg,800,738,115.288
motocycle-bicycle-racing,motocycle-bicycle-racing-53.jpg,847,574,123.74
motocycle-bicycle-racing,motocycle-bicycle-racing-52.jpg,6474,3828,1687.588
motocycle-bicycle-racing,motocycle-bicycle-racing-46.jpg,1600,900,231.004
motocycle-bicycle-racing,motocycle-bicycle-racing-91.jpg,970,598,78.536
motocycle-bicycle-racing,motocycle-bicycle-racing-85.jpg,2951,2596,475.907
motocycle-bicycle-racing,motocycle-bicycle-racing-93.jpg,1179,1028,137.517
motocycle-bicycle-racing,motocycle-bicycle-racing-87.jpg,225,225,7.147
motocycle-bicycle-racing,motocycle-bicycle-racing-50.jpg,756,467,465.315
motocycle-bicycle-racing,motocycle-bicycle-racing-44.jpg,1200,900,191.211
motocycle-bicycle-racing,motocycle-bicycle-racing-78.jpg,1300,784,790.826
motocycle-bicycle-racing,motocycle-bicycle-racing-79.jpg,677,538,51.869
motocycle-bicycle-racing,motocycle-bicycle-racing-45.jpg,300,300,12.362
motocycle-bicycle-racing,motocycle-bicycle-racing-51.jpg,100,100,3.398
motocycle-bicycle-racing,motocycle-bicycle-racing-86.jpg,1243,767,157.685
motocycle-bicycle-racing,motocycle-bicycle-racing-92.jpg,444,225,28.161
motocycle-bicycle-racing,motocycle-bicycle-racing-1.jpg,300,168,10.946
motocycle-bicycle-racing,motocycle-bicycle-racing-36.jpg,990,640,103.395
motocycle-bicycle-racing,motocycle-bicycle-racing-22.jpg,286,176,11.2
motocycle-bicycle-racing,motocycle-bicycle-racing-23.jpg,799,572,91.186
motocycle-bicycle-racing,motocycle-bicycle-racing-37.jpg,159,159,5.381
motocycle-bicycle-racing,motocycle-bicycle-racing-2.jpg,300,210,78.622
motocycle-bicycle-racing,motocycle-bicycle-racing-21.jpg,400,300,40.518
motocycle-bicycle-racing,motocycle-bicycle-racing-35.jpg,500,451,63.363
motocycle-bicycle-racing,motocycle-bicycle-racing-34.jpg,396,285,42.395
motocycle-bicycle-racing,motocycle-bicycle-racing-20.jpg,285,177,8.465
motocycle-bicycle-racing,motocycle-bicycle-racing-3.jpg,1476,1310,185.709
motocycle-bicycle-racing,motocycle-bicycle-racing-7.jpg,320,274,14.696
motocycle-bicycle-racing,motocycle-bicycle-racing-24.jpg,527,311,59.598
motocycle-bicycle-racing,motocycle-bicycle-racing-30.jpg,350,243,101.366
motocycle-bicycle-racing,motocycle-bicycle-racing-18.jpg,100,100,3.084
motocycle-bicycle-racing,motocycle-bicycle-racing-19.jpg,749,486,63.937
motocycle-bicycle-racing,motocycle-bicycle-racing-31.jpg,993,656,111.441
motocycle-bicycle-racing,motocycle-bicycle-racing-25.jpg,1450,1036,129.308
motocycle-bicycle-racing,motocycle-bicycle-racing-6.jpg,97,145,5.132
motocycle-bicycle-racing,motocycle-bicycle-racing-4.jpg,419,331,50.503
motocycle-bicycle-racing,motocycle-bicycle-racing-33.jpg,425,349,25.628
motocycle-bicycle-racing,motocycle-bicycle-racing-27.jpg,558,347,43.211
motocycle-bicycle-racing,motocycle-bicycle-racing-26.jpg,159,159,4.34
motocycle-bicycle-racing,motocycle-bicycle-racing-32.jpg,277,182,8.996
motocycle-bicycle-racing,motocycle-bicycle-racing-5.jpg,1726,1038,228.393
motocycle-bicycle-kids,motocycle-bicycle-kids-50.jpg,159,141,7.008
motocycle-bicycle-kids,motocycle-bicycle-kids-44.jpg,458,458,55.525
motocycle-bicycle-kids,motocycle-bicycle-kids-78.jpg,800,800,289.595
motocycle-bicycle-kids,motocycle-bicycle-kids-93.jpg,100,100,4.291
motocycle-bicycle-kids,motocycle-bicycle-kids-87.jpg,482,482,15.845
motocycle-bicycle-kids,motocycle-bicycle-kids-86.jpg,100,100,2.873
motocycle-bicycle-kids,motocycle-bicycle-kids-92.jpg,560,420,28.487
motocycle-bicycle-kids,motocycle-bicycle-kids-79.jpg,100,100,3.216
motocycle-bicycle-kids,motocycle-bicycle-kids-45.jpg,275,183,11.167
motocycle-bicycle-kids,motocycle-bicycle-kids-51.jpg,100,100,2.421
motocycle-bicycle-kids,motocycle-bicycle-kids-47.jpg,159,159,5.96
motocycle-bicycle-kids,motocycle-bicycle-kids-53.jpg,750,750,324.403
motocycle-bicycle-kids,motocycle-bicycle-kids-84.jpg,466,372,30.677
motocycle-bicycle-kids,motocycle-bicycle-kids-90.jpg,225,225,9.145
motocycle-bicycle-kids,motocycle-bicycle-kids-91.jpg,1280,960,108.466
motocycle-bicycle-kids,motocycle-bicycle-kids-85.jpg,159,123,6.417
motocycle-bicycle-kids,motocycle-bicycle-kids-52.jpg,225,225,6.685
motocycle-bicycle-kids,motocycle-bicycle-kids-46.jpg,500,460,27.294
motocycle-bicycle-kids,motocycle-bicycle-kids-42.jpg,800,800,161.482
motocycle-bicycle-kids,motocycle-bicycle-kids-56.jpg,352,349,38.639
motocycle-bicycle-kids,motocycle-bicycle-kids-81.jpg,484,319,21.496
motocycle-bicycle-kids,motocycle-bicycle-kids-95.jpg,225,225,12.303
motocycle-bicycle-kids,motocycle-bicycle-kids-94.jpg,1383,922,175.343
motocycle-bicycle-kids,motocycle-bicycle-kids-80.jpg,350,350,46.45
motocycle-bicycle-kids,motocycle-bicycle-kids-57.jpg,225,225,8.539
motocycle-bicycle-kids,motocycle-bicycle-kids-43.jpg,931,721,81.342
motocycle-bicycle-kids,motocycle-bicycle-kids-9.jpg,100,100,2.369
motocycle-bicycle-kids,motocycle-bicycle-kids-69.jpg,225,225,11.872
motocycle-bicycle-kids,motocycle-bicycle-kids-55.jpg,352,269,33.845
motocycle-bicycle-kids,motocycle-bicycle-kids-41.jpg,500,500,39.996
motocycle-bicycle-kids,motocycle-bicycle-kids-96.jpg,234,215,8.13
motocycle-bicycle-kids,motocycle-bicycle-kids-82.jpg,556,445,61.505
motocycle-bicycle-kids,motocycle-bicycle-kids-83.jpg,1024,1024,616.374
motocycle-bicycle-kids,motocycle-bicycle-kids-97.jpg,100,100,5.975
motocycle-bicycle-kids,motocycle-bicycle-kids-40.jpg,100,100,3.527
motocycle-bicycle-kids,motocycle-bicycle-kids-54.jpg,225,225,8.966
motocycle-bicycle-kids,motocycle-bicycle-kids-68.jpg,800,800,118.943
motocycle-bicycle-kids,motocycle-bicycle-kids-8.jpg,1500,1500,459.481
motocycle-bicycle-kids,motocycle-bicycle-kids-33.jpg,225,225,8.777
motocycle-bicycle-kids,motocycle-bicycle-kids-27.jpg,425,474,34.624
motocycle-bicycle-kids,motocycle-bicycle-kids-112.jpg,225,225,8.999
motocycle-bicycle-kids,motocycle-bicycle-kids-106.jpg,177,118,4.15
motocycle-bicycle-kids,motocycle-bicycle-kids-107.jpg,100,100,2.641
motocycle-bicycle-kids,motocycle-bicycle-kids-113.jpg,159,159,6.665
motocycle-bicycle-kids,motocycle-bicycle-kids-26.jpg,1000,1000,112.761
motocycle-bicycle-kids,motocycle-bicycle-kids-32.jpg,159,159,7.415
motocycle-bicycle-kids,motocycle-bicycle-kids-24.jpg,159,159,4.838
motocycle-bicycle-kids,motocycle-bicycle-kids-30.jpg,159,155,4.769
motocycle-bicycle-kids,motocycle-bicycle-kids-18.jpg,159,159,6.548
motocycle-bicycle-kids,motocycle-bicycle-kids-105.jpg,159,159,7.787
motocycle-bicycle-kids,motocycle-bicycle-kids-111.jpg,1300,954,213.859
motocycle-bicycle-kids,motocycle-bicycle-kids-110.jpg,271,186,8.455
motocycle-bicycle-kids,motocycle-bicycle-kids-104.jpg,500,450,41.81
motocycle-bicycle-kids,motocycle-bicycle-kids-19.jpg,159,159,6.192
motocycle-bicycle-kids,motocycle-bicycle-kids-31.jpg,2000,1650,644.916
motocycle-bicycle-kids,motocycle-bicycle-kids-25.jpg,159,159,6.928
motocycle-bicycle-kids,motocycle-bicycle-kids-21.jpg,159,159,4.597
motocycle-bicycle-kids,motocycle-bicycle-kids-35.jpg,225,225,12.674
motocycle-bicycle-kids,motocycle-bicycle-kids-100.jpg,1080,1080,233.056
motocycle-bicycle-kids,motocycle-bicycle-kids-114.jpg,320,240,16.735
motocycle-bicycle-kids,motocycle-bicycle-kids-115.jpg,466,299,23.383
motocycle-bicycle-kids,motocycle-bicycle-kids-101.jpg,458,458,58.505
motocycle-bicycle-kids,motocycle-bicycle-kids-34.jpg,466,407,29.928
motocycle-bicycle-kids,motocycle-bicycle-kids-20.jpg,500,500,36.576
motocycle-bicycle-kids,motocycle-bicycle-kids-36.jpg,225,225,7.12
motocycle-bicycle-kids,motocycle-bicycle-kids-22.jpg,800,800,349.114
motocycle-bicycle-kids,motocycle-bicycle-kids-117.jpg,159,144,6.268
motocycle-bicycle-kids,motocycle-bicycle-kids-103.jpg,600,400,31.762
motocycle-bicycle-kids,motocycle-bicycle-kids-102.jpg,100,100,3.301
motocycle-bicycle-kids,motocycle-bicycle-kids-116.jpg,600,600,35.522
motocycle-bicycle-kids,motocycle-bicycle-kids-23.jpg,159,159,4.913
motocycle-bicycle-kids,motocycle-bicycle-kids-37.jpg,100,100,3.054
motocycle-bicycle-kids,motocycle-bicycle-kids-12.jpg,626,417,115.081
motocycle-bicycle-kids,motocycle-bicycle-kids-126.jpg,450,450,35.303
motocycle-bicycle-kids,motocycle-bicycle-kids-13.jpg,466,389,31.657
motocycle-bicycle-kids,motocycle-bicycle-kids-11.jpg,224,224,6.541
motocycle-bicycle-kids,motocycle-bicycle-kids-39.jpg,159,159,4.09
motocycle-bicycle-kids,motocycle-bicycle-kids-124.jpg,100,100,3.654
motocycle-bicycle-kids,motocycle-bicycle-kids-118.jpg,100,100,2.431
motocycle-bicycle-kids,motocycle-bicycle-kids-119.jpg,425,425,27.709
motocycle-bicycle-kids,motocycle-bicycle-kids-125.jpg,159,130,5.158
motocycle-bicycle-kids,motocycle-bicycle-kids-38.jpg,159,159,5.117
motocycle-bicycle-kids,motocycle-bicycle-kids-10.jpg,100,100,3.601
motocycle-bicycle-kids,motocycle-bicycle-kids-28.jpg,640,640,61.156
motocycle-bicycle-kids,motocycle-bicycle-kids-14.jpg,213,237,11.37
motocycle-bicycle-kids,motocycle-bicycle-kids-109.jpg,225,225,12.127
motocycle-bicycle-kids,motocycle-bicycle-kids-121.jpg,100,100,2.658
motocycle-bicycle-kids,motocycle-bicycle-kids-120.jpg,1000,782,178.791
motocycle-bicycle-kids,motocycle-bicycle-kids-108.jpg,610,410,39.026
motocycle-bicycle-kids,motocycle-bicycle-kids-15.jpg,340,340,89.106
motocycle-bicycle-kids,motocycle-bicycle-kids-29.jpg,506,409,47.601
motocycle-bicycle-kids,motocycle-bicycle-kids-17.jpg,159,159,5.674
motocycle-bicycle-kids,motocycle-bicycle-kids-122.jpg,159,159,3.246
motocycle-bicycle-kids,motocycle-bicycle-kids-123.jpg,225,225,9.435
motocycle-bicycle-kids,motocycle-bicycle-kids-16.jpg,1000,1000,193.076
motocycle-bicycle-kids,motocycle-bicycle-kids-5.jpg,500,500,37.521
motocycle-bicycle-kids,motocycle-bicycle-kids-71.jpg,159,149,7.184
motocycle-bicycle-kids,motocycle-bicycle-kids-65.jpg,500,500,36.522
motocycle-bicycle-kids,motocycle-bicycle-kids-59.jpg,158,159,5.016
motocycle-bicycle-kids,motocycle-bicycle-kids-58.jpg,100,100,2.867
motocycle-bicycle-kids,motocycle-bicycle-kids-64.jpg,1500,1000,140.181
motocycle-bicycle-kids,motocycle-bicycle-kids-70.jpg,569,412,24.948
motocycle-bicycle-kids,motocycle-bicycle-kids-4.jpg,1200,1200,289.642
motocycle-bicycle-kids,motocycle-bicycle-kids-6.jpg,100,100,3.963
motocycle-bicycle-kids,motocycle-bicycle-kids-66.jpg,159,159,4.326
motocycle-bicycle-kids,motocycle-bicycle-kids-72.jpg,225,225,16.663
motocycle-bicycle-kids,motocycle-bicycle-kids-99.jpg,1100,1100,88.376
motocycle-bicycle-kids,motocycle-bicycle-kids-98.jpg,100,100,3.421
motocycle-bicycle-kids,motocycle-bicycle-kids-73.jpg,225,225,9.499
motocycle-bicycle-kids,motocycle-bicycle-kids-67.jpg,225,225,9.395
motocycle-bicycle-kids,motocycle-bicycle-kids-7.jpg,800,561,130.982
motocycle-bicycle-kids,motocycle-bicycle-kids-3.jpg,257,196,11.067
motocycle-bicycle-kids,motocycle-bicycle-kids-63.jpg,159,159,3.895
motocycle-bicycle-kids,motocycle-bicycle-kids-77.jpg,1024,1024,1092.349
motocycle-bicycle-kids,motocycle-bicycle-kids-88.jpg,800,800,89.862
motocycle-bicycle-kids,motocycle-bicycle-kids-89.jpg,225,225,8.562
motocycle-bicycle-kids,motocycle-bicycle-kids-76.jpg,100,100,2.75
motocycle-bicycle-kids,motocycle-bicycle-kids-62.jpg,100,100,3.792
motocycle-bicycle-kids,motocycle-bicycle-kids-2.jpg,159,159,4.073
motocycle-bicycle-kids,motocycle-bicycle-kids-48.jpg,352,329,31.127
motocycle-bicycle-kids,motocycle-bicycle-kids-74.jpg,500,500,54.355
motocycle-bicycle-kids,motocycle-bicycle-kids-60.jpg,581,442,144.334
motocycle-bicycle-kids,motocycle-bicycle-kids-61.jpg,225,225,7.22
motocycle-bicycle-kids,motocycle-bicycle-kids-75.jpg,177,177,5.208
motocycle-bicycle-kids,motocycle-bicycle-kids-49.jpg,1280,853,67.751
motocycle-bicycle-kids,motocycle-bicycle-kids-1.jpg,177,177,7.026
motocycle-motorbike-sport,motocycle-motorbike-sport-1.jpg,4117,3113,5269.491
motocycle-motorbike-sport,motocycle-motorbike-sport-15.jpg,1113,749,164.187
motocycle-motorbike-sport,motocycle-motorbike-sport-29.jpg,800,534,82.731
motocycle-motorbike-sport,motocycle-motorbike-sport-28.jpg,800,456,62.694
motocycle-motorbike-sport,motocycle-motorbike-sport-14.jpg,1036,585,141.696
motocycle-motorbike-sport,motocycle-motorbike-sport-2.jpg,800,600,47.918
motocycle-motorbike-sport,motocycle-motorbike-sport-104.jpg,920,535,104.048
motocycle-motorbike-sport,motocycle-motorbike-sport-16.jpg,640,494,269.64
motocycle-motorbike-sport,motocycle-motorbike-sport-17.jpg,1280,960,157.201
motocycle-motorbike-sport,motocycle-motorbike-sport-105.jpg,1600,1167,313.35
motocycle-motorbike-sport,motocycle-motorbike-sport-3.jpg,600,360,43.432
motocycle-motorbike-sport,motocycle-motorbike-sport-7.jpg,900,573,124.43
motocycle-motorbike-sport,motocycle-motorbike-sport-101.jpg,1920,1080,187.213
motocycle-motorbike-sport,motocycle-motorbike-sport-13.jpg,800,566,167.095
motocycle-motorbike-sport,motocycle-motorbike-sport-12.jpg,2435,1851,1052.523
motocycle-motorbike-sport,motocycle-motorbike-sport-100.jpg,1200,801,161.876
motocycle-motorbike-sport,motocycle-motorbike-sport-6.jpg,1200,792,96.763
motocycle-motorbike-sport,motocycle-motorbike-sport-102.jpg,269,187,11.822
motocycle-motorbike-sport,motocycle-motorbike-sport-4.jpg,2067,1379,464.787
motocycle-motorbike-sport,motocycle-motorbike-sport-38.jpg,1280,960,164.283
motocycle-motorbike-sport,motocycle-motorbike-sport-10.jpg,1671,975,421.809
motocycle-motorbike-sport,motocycle-motorbike-sport-39.jpg,4000,2301,1777.97
motocycle-motorbike-sport,motocycle-motorbike-sport-5.jpg,1080,700,347.255
motocycle-motorbike-sport,motocycle-motorbike-sport-103.jpg,1999,1413,193.692
motocycle-motorbike-sport,motocycle-motorbike-sport-89.jpg,1224,1017,983.216
motocycle-motorbike-sport,motocycle-motorbike-sport-62.jpg,3594,2421,9778.054
motocycle-motorbike-sport,motocycle-motorbike-sport-76.jpg,1324,786,245.162
motocycle-motorbike-sport,motocycle-motorbike-sport-77.jpg,920,614,100.359
motocycle-motorbike-sport,motocycle-motorbike-sport-63.jpg,640,494,363.279
motocycle-motorbike-sport,motocycle-motorbike-sport-88.jpg,545,408,36.222
motocycle-motorbike-sport,motocycle-motorbike-sport-75.jpg,1901,1068,476.754
motocycle-motorbike-sport,motocycle-motorbike-sport-61.jpg,4881,3337,2206.032
motocycle-motorbike-sport,motocycle-motorbike-sport-49.jpg,804,525,77.171
motocycle-motorbike-sport,motocycle-motorbike-sport-60.jpg,920,647,90.408
motocycle-motorbike-sport,motocycle-motorbike-sport-74.jpg,640,494,268.981
motocycle-motorbike-sport,motocycle-motorbike-sport-58.jpg,740,493,49.038
motocycle-motorbike-sport,motocycle-motorbike-sport-70.jpg,1600,1200,177.46
motocycle-motorbike-sport,motocycle-motorbike-sport-64.jpg,1620,1080,500.503
motocycle-motorbike-sport,motocycle-motorbike-sport-65.jpg,960,614,217.106
motocycle-motorbike-sport,motocycle-motorbike-sport-71.jpg,1600,1191,182.293
motocycle-motorbike-sport,motocycle-motorbike-sport-59.jpg,1920,1920,711.4
motocycle-motorbike-sport,motocycle-motorbike-sport-98.jpg,3415,3415,1025.583
motocycle-motorbike-sport,motocycle-motorbike-sport-73.jpg,2019,1514,257.764
motocycle-motorbike-sport,motocycle-motorbike-sport-72.jpg,780,520,180.348
motocycle-motorbike-sport,motocycle-motorbike-sport-66.jpg,640,494,278.879
motocycle-motorbike-sport,motocycle-motorbike-sport-99.jpg,903,505,195.921
motocycle-motorbike-sport,motocycle-motorbike-sport-80.jpg,988,766,806.021
motocycle-motorbike-sport,motocycle-motorbike-sport-94.jpg,350,220,14.51
motocycle-motorbike-sport,motocycle-motorbike-sport-43.jpg,450,300,24.913
motocycle-motorbike-sport,motocycle-motorbike-sport-57.jpg,2000,1333,744.522
motocycle-motorbike-sport,motocycle-motorbike-sport-56.jpg,500,291,254.157
motocycle-motorbike-sport,motocycle-motorbike-sport-42.jpg,3840,2160,772.057
motocycle-motorbike-sport,motocycle-motorbike-sport-95.jpg,800,533,103.136
motocycle-motorbike-sport,motocycle-motorbike-sport-81.jpg,1811,1135,1119.496
motocycle-motorbike-sport,motocycle-motorbike-sport-97.jpg,960,720,112.0
motocycle-motorbike-sport,motocycle-motorbike-sport-83.jpg,2421,1995,1628.615
motocycle-motorbike-sport,motocycle-motorbike-sport-54.jpg,500,276,199.079
motocycle-motorbike-sport,motocycle-motorbike-sport-40.jpg,1920,1080,170.429
motocycle-motorbike-sport,motocycle-motorbike-sport-68.jpg,555,568,108.574
motocycle-motorbike-sport,motocycle-motorbike-sport-41.jpg,256,197,9.277
motocycle-motorbike-sport,motocycle-motorbike-sport-55.jpg,1200,792,78.398
motocycle-motorbike-sport,motocycle-motorbike-sport-82.jpg,2002,1849,493.901
motocycle-motorbike-sport,motocycle-motorbike-sport-96.jpg,1000,563,392.312
motocycle-motorbike-sport,motocycle-motorbike-sport-92.jpg,1440,1064,110.871
motocycle-motorbike-sport,motocycle-motorbike-sport-86.jpg,2000,2000,273.579
motocycle-motorbike-sport,motocycle-motorbike-sport-79.jpg,728,546,45.605
motocycle-motorbike-sport,motocycle-motorbike-sport-51.jpg,800,565,58.34
motocycle-motorbike-sport,motocycle-motorbike-sport-45.jpg,247,204,10.691
motocycle-motorbike-sport,motocycle-motorbike-sport-44.jpg,929,821,254.384
motocycle-motorbike-sport,motocycle-motorbike-sport-50.jpg,993,697,203.651
motocycle-motorbike-sport,motocycle-motorbike-sport-78.jpg,640,494,268.438
motocycle-motorbike-sport,motocycle-motorbike-sport-87.jpg,1169,705,135.352
motocycle-motorbike-sport,motocycle-motorbike-sport-93.jpg,1587,972,240.731
motocycle-motorbike-sport,motocycle-motorbike-sport-85.jpg,274,184,15.276
motocycle-motorbike-sport,motocycle-motorbike-sport-91.jpg,1000,667,190.925
motocycle-motorbike-sport,motocycle-motorbike-sport-46.jpg,600,440,124.133
motocycle-motorbike-sport,motocycle-motorbike-sport-52.jpg,700,488,131.582
motocycle-motorbike-sport,motocycle-motorbike-sport-53.jpg,650,500,161.396
motocycle-motorbike-sport,motocycle-motorbike-sport-47.jpg,1300,929,214.613
motocycle-motorbike-sport,motocycle-motorbike-sport-90.jpg,2000,1500,188.88
motocycle-motorbike-sport,motocycle-motorbike-sport-84.jpg,900,720,141.595
motocycle-motorbike-sport,motocycle-motorbike-sport-8.jpg,1280,720,436.425
motocycle-motorbike-sport,motocycle-motorbike-sport-20.jpg,1500,1500,382.085
motocycle-motorbike-sport,motocycle-motorbike-sport-34.jpg,1342,1208,212.029
motocycle-motorbike-sport,motocycle-motorbike-sport-35.jpg,901,654,255.99
motocycle-motorbike-sport,motocycle-motorbike-sport-21.jpg,1000,780,192.621
motocycle-motorbike-sport,motocycle-motorbike-sport-9.jpg,1270,953,120.9
motocycle-motorbike-sport,motocycle-motorbike-sport-37.jpg,900,628,162.41
motocycle-motorbike-sport,motocycle-motorbike-sport-23.jpg,1024,682,185.36
motocycle-motorbike-sport,motocycle-motorbike-sport-22.jpg,800,600,46.215
motocycle-motorbike-sport,motocycle-motorbike-sport-36.jpg,770,433,44.125
motocycle-motorbike-sport,motocycle-motorbike-sport-32.jpg,1366,768,127.289
motocycle-motorbike-sport,motocycle-motorbike-sport-26.jpg,961,1200,291.564
motocycle-motorbike-sport,motocycle-motorbike-sport-27.jpg,1600,1167,303.703
motocycle-motorbike-sport,motocycle-motorbike-sport-33.jpg,1920,1200,182.328
motocycle-motorbike-sport,motocycle-motorbike-sport-19.jpg,609,472,366.695
motocycle-motorbike-sport,motocycle-motorbike-sport-25.jpg,635,480,77.372
motocycle-motorbike-sport,motocycle-motorbike-sport-31.jpg,550,550,37.315
motocycle-motorbike-sport,motocycle-motorbike-sport-30.jpg,820,620,250.787
motocycle-motorbike-sport,motocycle-motorbike-sport-24.jpg,1600,1061,207.341
motocycle-motorbike-sport,motocycle-motorbike-sport-18.jpg,750,481,88.37
motocycle-motorbike-chopper,motocycle-motorbike-chopper-13.jpg,750,582,104.899
motocycle-motorbike-chopper,motocycle-motorbike-chopper-102.jpg,301,167,10.75
motocycle-motorbike-chopper,motocycle-motorbike-chopper-103.jpg,230,219,10.572
motocycle-motorbike-chopper,motocycle-motorbike-chopper-12.jpg,896,777,220.938
motocycle-motorbike-chopper,motocycle-motorbike-chopper-10.jpg,320,320,40.452
motocycle-motorbike-chopper,motocycle-motorbike-chopper-38.jpg,349,350,41.564
motocycle-motorbike-chopper,motocycle-motorbike-chopper-101.jpg,770,619,37.219
motocycle-motorbike-chopper,motocycle-motorbike-chopper-100.jpg,300,158,76.777
motocycle-motorbike-chopper,motocycle-motorbike-chopper-11.jpg,276,183,12.146
motocycle-motorbike-chopper,motocycle-motorbike-chopper-29.jpg,750,540,110.738
motocycle-motorbike-chopper,motocycle-motorbike-chopper-15.jpg,500,333,27.232
motocycle-motorbike-chopper,motocycle-motorbike-chopper-104.jpg,1300,821,164.948
motocycle-motorbike-chopper,motocycle-motorbike-chopper-14.jpg,300,240,13.502
motocycle-motorbike-chopper,motocycle-motorbike-chopper-28.jpg,800,600,182.332
motocycle-motorbike-chopper,motocycle-motorbike-chopper-16.jpg,1046,573,158.422
motocycle-motorbike-chopper,motocycle-motorbike-chopper-17.jpg,745,277,60.721
motocycle-motorbike-chopper,motocycle-motorbike-chopper-64.jpg,1024,768,199.321
motocycle-motorbike-chopper,motocycle-motorbike-chopper-70.jpg,614,460,62.019
motocycle-motorbike-chopper,motocycle-motorbike-chopper-58.jpg,229,220,10.76
motocycle-motorbike-chopper,motocycle-motorbike-chopper-59.jpg,905,792,137.825
motocycle-motorbike-chopper,motocycle-motorbike-chopper-71.jpg,1200,900,246.35
motocycle-motorbike-chopper,motocycle-motorbike-chopper-65.jpg,300,168,7.471
motocycle-motorbike-chopper,motocycle-motorbike-chopper-73.jpg,199,145,8.433
motocycle-motorbike-chopper,motocycle-motorbike-chopper-67.jpg,960,720,102.08
motocycle-motorbike-chopper,motocycle-motorbike-chopper-98.jpg,800,600,112.979
motocycle-motorbike-chopper,motocycle-motorbike-chopper-99.jpg,550,433,39.079
motocycle-motorbike-chopper,motocycle-motorbike-chopper-66.jpg,1312,762,591.155
motocycle-motorbike-chopper,motocycle-motorbike-chopper-72.jpg,236,150,10.698
motocycle-motorbike-chopper,motocycle-motorbike-chopper-76.jpg,800,576,101.066
motocycle-motorbike-chopper,motocycle-motorbike-chopper-62.jpg,292,173,8.831
motocycle-motorbike-chopper,motocycle-motorbike-chopper-89.jpg,1701,1134,773.541
motocycle-motorbike-chopper,motocycle-motorbike-chopper-88.jpg,300,280,14.675
motocycle-motorbike-chopper,motocycle-motorbike-chopper-63.jpg,350,350,38.167
motocycle-motorbike-chopper,motocycle-motorbike-chopper-77.jpg,275,183,9.723
motocycle-motorbike-chopper,motocycle-motorbike-chopper-49.jpg,259,194,11.045
motocycle-motorbike-chopper,motocycle-motorbike-chopper-61.jpg,770,592,40.805
motocycle-motorbike-chopper,motocycle-motorbike-chopper-75.jpg,425,410,30.748
motocycle-motorbike-chopper,motocycle-motorbike-chopper-74.jpg,640,477,70.012
motocycle-motorbike-chopper,motocycle-motorbike-chopper-60.jpg,640,359,73.961
motocycle-motorbike-chopper,motocycle-motorbike-chopper-48.jpg,680,486,36.707
motocycle-motorbike-chopper,motocycle-motorbike-chopper-45.jpg,550,358,56.861
motocycle-motorbike-chopper,motocycle-motorbike-chopper-51.jpg,800,600,85.132
motocycle-motorbike-chopper,motocycle-motorbike-chopper-79.jpg,225,225,10.346
motocycle-motorbike-chopper,motocycle-motorbike-chopper-86.jpg,1080,719,141.692
motocycle-motorbike-chopper,motocycle-motorbike-chopper-92.jpg,550,412,39.032
motocycle-motorbike-chopper,motocycle-motorbike-chopper-93.jpg,800,600,87.807
motocycle-motorbike-chopper,motocycle-motorbike-chopper-87.jpg,291,173,10.837
motocycle-motorbike-chopper,motocycle-motorbike-chopper-78.jpg,894,423,86.868
motocycle-motorbike-chopper,motocycle-motorbike-chopper-50.jpg,937,656,163.594
motocycle-motorbike-chopper,motocycle-motorbike-chopper-44.jpg,800,591,388.647
motocycle-motorbike-chopper,motocycle-motorbike-chopper-52.jpg,800,800,112.523
motocycle-motorbike-chopper,motocycle-motorbike-chopper-46.jpg,1600,1199,395.891
motocycle-motorbike-chopper,motocycle-motorbike-chopper-91.jpg,800,600,61.552
motocycle-motorbike-chopper,motocycle-motorbike-chopper-85.jpg,259,194,9.59
motocycle-motorbike-chopper,motocycle-motorbike-chopper-84.jpg,308,235,16.318
motocycle-motorbike-chopper,motocycle-motorbike-chopper-90.jpg,259,194,10.539
motocycle-motorbike-chopper,motocycle-motorbike-chopper-47.jpg,400,298,29.196
motocycle-motorbike-chopper,motocycle-motorbike-chopper-53.jpg,331,248,21.372
motocycle-motorbike-chopper,motocycle-motorbike-chopper-57.jpg,265,190,9.887
motocycle-motorbike-chopper,motocycle-motorbike-chopper-43.jpg,580,322,40.456
motocycle-motorbike-chopper,motocycle-motorbike-chopper-94.jpg,640,480,85.891
motocycle-motorbike-chopper,motocycle-motorbike-chopper-80.jpg,350,207,28.278
motocycle-motorbike-chopper,motocycle-motorbike-chopper-81.jpg,800,600,93.222
motocycle-motorbike-chopper,motocycle-motorbike-chopper-95.jpg,1280,720,126.851
motocycle-motorbike-chopper,motocycle-motorbike-chopper-42.jpg,300,168,10.551
motocycle-motorbike-chopper,motocycle-motorbike-chopper-56.jpg,1245,1035,140.007
motocycle-motorbike-chopper,motocycle-motorbike-chopper-68.jpg,1229,814,241.47
motocycle-motorbike-chopper,motocycle-motorbike-chopper-40.jpg,1280,720,83.406
motocycle-motorbike-chopper,motocycle-motorbike-chopper-54.jpg,600,428,28.72
motocycle-motorbike-chopper,motocycle-motorbike-chopper-83.jpg,400,300,26.707
motocycle-motorbike-chopper,motocycle-motorbike-chopper-97.jpg,260,194,11.178
motocycle-motorbike-chopper,motocycle-motorbike-chopper-96.jpg,259,194,13.235
motocycle-motorbike-chopper,motocycle-motorbike-chopper-82.jpg,300,257,100.534
motocycle-motorbike-chopper,motocycle-motorbike-chopper-55.jpg,1132,708,158.117
motocycle-motorbike-chopper,motocycle-motorbike-chopper-41.jpg,400,267,22.1
motocycle-motorbike-chopper,motocycle-motorbike-chopper-69.jpg,500,420,30.036
motocycle-motorbike-chopper,motocycle-motorbike-chopper-26.jpg,683,531,133.5
motocycle-motorbike-chopper,motocycle-motorbike-chopper-32.jpg,256,197,7.53
motocycle-motorbike-chopper,motocycle-motorbike-chopper-33.jpg,800,800,123.731
motocycle-motorbike-chopper,motocycle-motorbike-chopper-27.jpg,400,300,29.194
motocycle-motorbike-chopper,motocycle-motorbike-chopper-31.jpg,1000,1000,101.729
motocycle-motorbike-chopper,motocycle-motorbike-chopper-25.jpg,660,441,48.506
motocycle-motorbike-chopper,motocycle-motorbike-chopper-19.jpg,265,190,9.035
motocycle-motorbike-chopper,motocycle-motorbike-chopper-18.jpg,331,248,17.076
motocycle-motorbike-chopper,motocycle-motorbike-chopper-24.jpg,360,360,32.768
motocycle-motorbike-chopper,motocycle-motorbike-chopper-30.jpg,600,572,58.875
motocycle-motorbike-chopper,motocycle-motorbike-chopper-34.jpg,480,360,52.513
motocycle-motorbike-chopper,motocycle-motorbike-chopper-20.jpg,259,194,12.143
motocycle-motorbike-chopper,motocycle-motorbike-chopper-21.jpg,259,194,11.212
motocycle-motorbike-chopper,motocycle-motorbike-chopper-35.jpg,780,652,84.517
motocycle-motorbike-chopper,motocycle-motorbike-chopper-23.jpg,1000,668,158.068
motocycle-motorbike-chopper,motocycle-motorbike-chopper-37.jpg,614,460,58.046
motocycle-motorbike-chopper,motocycle-motorbike-chopper-36.jpg,261,193,7.317
motocycle-motorbike-chopper,motocycle-motorbike-chopper-22.jpg,275,184,11.039
